<libros>
   <libro1>
        <nombre> El Cantar de Mio Cid </nombre> 
       <autor>anonimo</autor>
       <año de publicaón>siglo 17/año de publicación>
       <género>épico</género>
      
      </libro1>
           <libro2>
              <nombre>Din Quijote de la Mancha </nombre>
               <autor>Miguel de Cervantes</autor>
               <año de publicación>1605 (primera parte) y 1615 ( segunda parte) </año de publicación>
               <género>novela</género>
               
               </libro2>
                     <libro3>
                      <nombre> Cien años de soledad </nombre>
                       <autor> Gabriel García Márquez</autor>
                       <año de publicación>1967</año de publicación>
                       <género>novela(realismo mágico)</género>
                 
                        </libro3>


<\libros>
